[
  {
    "id": 101,
    "name": "Ugali Mayai",
    "price": 120,
    "description": "Traditional ugali served with scrambled eggs",
    "category": "Budget",
    "nutrition": {
      "calories": 380,
      "protein": 16,
      "carbs": 52,
      "fat": 14,
      "fiber": 3,
      "sodium": 420,
      "vitamins": "B12, D, Choline"
    },
    "ingredients": [
      "2 cups maize flour (white)",
      "4 eggs",
      "2 tbsp cooking oil",
      "1 onion (medium)",
      "Salt to taste",
      "Water (3 cups)"
    ],
    "instructions": "1. Boil water in a pot. 2. Gradually add maize flour while stirring to avoid lumps. 3. Cook for 15-20 minutes, stirring continuously. 4. In another pan, heat oil and sauté chopped onions. 5. Beat eggs and add to onions, scramble until cooked. 6. Serve ugali with scrambled eggs.",
    "cooking_time": "30 minutes",
    "difficulty": "Easy",
    "image": "https://pixabay.com/get/g6792e67f93fa5befca5392c2f800eaf1e71384cbbc84d4ada1558f24fda9f77c9df91f58c9ade15b339b035dcc1a189f05c102595094d3076c6ad16a1c5001d6_1280.jpg"
  },
  {
    "id": 102,
    "name": "Ugali Sukuma",
    "price": 100,
    "description": "Ugali with sautéed collard greens",
    "category": "Budget",
    "nutrition": {
      "calories": 320,
      "protein": 10,
      "carbs": 58,
      "fat": 8,
      "fiber": 8,
      "sodium": 380,
      "vitamins": "A, C, K, Folate"
    },
    "ingredients": [
      "2 cups maize flour",
      "1 bunch collard greens (sukuma wiki)",
      "2 tbsp cooking oil",
      "2 onions (medium)",
      "3 tomatoes",
      "2 cloves garlic",
      "Salt and pepper",
      "Water (3 cups)"
    ],
    "instructions": "1. Prepare ugali by boiling water and adding maize flour gradually. 2. Cook for 15-20 minutes stirring continuously. 3. Wash and chop collard greens. 4. Heat oil, sauté onions and garlic until golden. 5. Add tomatoes and cook until soft. 6. Add chopped greens, season with salt and pepper. 7. Cook for 10 minutes until greens are tender. 8. Serve ugali with sukuma wiki.",
    "cooking_time": "35 minutes",
    "difficulty": "Easy",
    "image": "https://pixabay.com/get/gfd14221bf0efee110cb46327fe0feeebd4ac9478a4caa17303d963f0d75b2c2d39b4d94ad0f7384e27e2d74f406a74a635264b8a5949494aec78147ef1025a60_1280.jpg"
  },
  {
    "id": 103,
    "name": "Githeri",
    "price": 150,
    "description": "Mixed maize and beans with vegetables",
    "category": "Budget",
    "nutrition": {
      "calories": 420,
      "protein": 16,
      "carbs": 72,
      "fat": 8,
      "fiber": 12,
      "sodium": 450,
      "vitamins": "Folate, Iron, Magnesium"
    },
    "ingredients": [
      "1 cup dried maize",
      "1 cup kidney beans",
      "2 tbsp cooking oil",
      "2 onions",
      "3 tomatoes",
      "2 carrots",
      "1 bunch dhania (coriander)",
      "Salt and spices",
      "Water (4 cups)"
    ],
    "instructions": "1. Soak maize and beans overnight. 2. Boil maize and beans together until tender (1-2 hours). 3. Heat oil in another pan, sauté onions until golden. 4. Add tomatoes and cook until soft. 5. Add diced carrots and cook for 5 minutes. 6. Add cooked maize and beans mixture. 7. Season with salt and spices. 8. Simmer for 15 minutes. 9. Garnish with chopped dhania and serve.",
    "cooking_time": "2.5 hours",
    "difficulty": "Medium",
    "image": "https://pixabay.com/get/gf305bc579cdd2941a1aeff107781fa6ca8851f3065b276d004d1f4d6ac5293b36657fab6e5f7332ecff1cda79b7e23cdb714822c0bc582614a28c50db9086f66_1280.jpg"
  },
  {
    "id": 104,
    "name": "Rice Beef",
    "price": 200,
    "description": "White rice with tender beef stew",
    "category": "Premium",
    "nutrition": {
      "calories": 520,
      "protein": 28,
      "carbs": 62,
      "fat": 18,
      "fiber": 2,
      "sodium": 680,
      "vitamins": "B12, Iron, Zinc"
    },
    "ingredients": [
      "2 cups basmati rice",
      "500g beef (cut into pieces)",
      "3 tbsp cooking oil",
      "2 onions",
      "4 tomatoes",
      "3 cloves garlic",
      "1 tsp ginger",
      "Beef cubes",
      "Salt and spices",
      "Water"
    ],
    "instructions": "1. Season beef with salt and spices, let marinate for 30 minutes. 2. Heat oil in a pot, brown beef on all sides. 3. Add onions, garlic, and ginger, cook until soft. 4. Add tomatoes and cook until they form a thick sauce. 5. Add water and beef cubes, bring to boil. 6. Reduce heat and simmer for 1.5 hours until beef is tender. 7. Cook rice separately according to package instructions. 8. Serve rice with beef stew.",
    "cooking_time": "2 hours",
    "difficulty": "Medium",
    "image": "https://pixabay.com/get/g8116a54d20a93231cba9ec5eca6915ad5fbbfae99baa13232007d3062779c2eb2bd1297b95076617cf250d1540490fb178800d82dbbd1d626608a842166c8030_1280.jpg"
  },
  {
    "id": 105,
    "name": "Chapati Nyama",
    "price": 180,
    "description": "Fresh chapati with meat curry",
    "category": "Premium",
    "nutrition": {
      "calories": 480,
      "protein": 24,
      "carbs": 48,
      "fat": 22,
      "fiber": 4,
      "sodium": 620,
      "vitamins": "B12, Iron, B6"
    },
    "ingredients": [
      "2 cups wheat flour",
      "400g beef or goat meat",
      "3 tbsp cooking oil",
      "2 onions",
      "3 tomatoes",
      "Garlic and ginger",
      "Curry powder",
      "Salt and pepper",
      "Water",
      "Oil for chapati"
    ],
    "instructions": "1. Make chapati dough with flour, salt, oil, and water. Knead well and rest for 30 minutes. 2. Cut meat into pieces and season. 3. Heat oil, brown meat pieces. 4. Add onions, garlic, ginger until soft. 5. Add tomatoes and curry powder, cook until thick. 6. Add water, simmer until meat is tender (1 hour). 7. Roll and cook chapatis on hot pan. 8. Serve hot chapatis with meat curry.",
    "cooking_time": "1.5 hours",
    "difficulty": "Medium",
    "image": "https://pixabay.com/get/g1e8639042218eb0ab3eac079d280fb681ecf4d2f8c3712b926b400459b276faa599e255259f6f6c00bc199e067ce7249fba328907f429101edc6f265aa01867e_1280.jpg"
  },
  {
    "id": 106,
    "name": "Pilau Rice",
    "price": 220,
    "description": "Aromatic spiced rice with meat",
    "category": "Premium",
    "nutrition": {
      "calories": 580,
      "protein": 26,
      "carbs": 78,
      "fat": 18,
      "fiber": 3,
      "sodium": 750,
      "vitamins": "B1, B6, Iron"
    },
    "ingredients": [
      "2 cups basmati rice",
      "400g beef or chicken",
      "3 tbsp ghee or oil",
      "2 onions",
      "Pilau masala",
      "Cinnamon stick",
      "Cardamom pods",
      "Cloves",
      "Bay leaves",
      "Coconut milk",
      "Salt",
      "Water"
    ],
    "instructions": "1. Soak rice for 30 minutes, then drain. 2. Heat ghee in a heavy-bottomed pot. 3. Add whole spices and fry until fragrant. 4. Add sliced onions, cook until golden brown. 5. Add meat pieces and brown on all sides. 6. Add pilau masala and cook for 2 minutes. 7. Add rice and stir gently for 3 minutes. 8. Add hot water and coconut milk. 9. Bring to boil, then reduce heat and simmer covered for 20 minutes. 10. Let stand for 10 minutes before serving.",
    "cooking_time": "1 hour",
    "difficulty": "Hard",
    "image": "https://pixabay.com/get/gc928069aed953729e23b4f76489eb6b41ab645bddd2e6aae5fce76c95cdf3403c68d82c53c4c3f849991063857d754c56fbc3b5bce63e35a402421f0a31b210b_1280.jpg"
  },
  {
    "id": 107,
    "name": "Chicken Stew Rice",
    "price": 190,
    "description": "Rice served with chicken in tomato stew",
    "category": "Premium",
    "nutrition": {
      "calories": 490,
      "protein": 32,
      "carbs": 58,
      "fat": 16,
      "fiber": 3,
      "sodium": 580,
      "vitamins": "B6, Niacin, Selenium"
    },
    "ingredients": [
      "2 cups rice",
      "1 whole chicken (cut into pieces)",
      "3 tbsp cooking oil",
      "2 onions",
      "4 tomatoes",
      "Green bell pepper",
      "Garlic and ginger",
      "Chicken cubes",
      "Dhania",
      "Salt and spices"
    ],
    "instructions": "1. Season chicken pieces with salt and spices. 2. Heat oil in a pot, brown chicken pieces on all sides. 3. Remove chicken, set aside. 4. In same pot, sauté onions until golden. 5. Add garlic, ginger, cook for 1 minute. 6. Add tomatoes and bell pepper, cook until soft. 7. Return chicken to pot, add chicken cubes and water. 8. Simmer for 45 minutes until chicken is tender. 9. Cook rice separately. 10. Garnish stew with dhania and serve with rice.",
    "cooking_time": "1 hour 15 minutes",
    "difficulty": "Medium",
    "image": "https://pixabay.com/get/g6792e67f93fa5befca5392c2f800eaf1e71384cbbc84d4ada1558f24fda9f77c9df91f58c9ade15b339b035dcc1a189f05c102595094d3076c6ad16a1c5001d6_1280.jpg"
  },
  {
    "id": 108,
    "name": "Nyama Choma",
    "price": 300,
    "description": "Grilled goat meat with ugali",
    "category": "Premium",
    "nutrition": {
      "calories": 620,
      "protein": 45,
      "carbs": 42,
      "fat": 32,
      "fiber": 3,
      "sodium": 520,
      "vitamins": "B12, Iron, Zinc"
    },
    "ingredients": [
      "1kg goat meat (ribs or leg)",
      "2 cups maize flour (for ugali)",
      "Salt and black pepper",
      "Garlic powder",
      "Ginger powder",
      "Coriander seeds",
      "Lemon juice",
      "Cooking oil",
      "Charcoal for grilling"
    ],
    "instructions": "1. Cut meat into serving pieces. 2. Make a marinade with salt, pepper, garlic powder, ginger, crushed coriander, and lemon juice. 3. Marinate meat for at least 2 hours or overnight. 4. Prepare charcoal fire and let it burn to hot coals. 5. Grill meat over coals, turning frequently for 45-60 minutes. 6. Brush with oil occasionally to prevent drying. 7. Prepare ugali while meat is grilling. 8. Serve hot nyama choma with ugali and kachumbari.",
    "cooking_time": "1.5 hours (plus marinating time)",
    "difficulty": "Medium",
    "image": "https://pixabay.com/get/gfd14221bf0efee110cb46327fe0feeebd4ac9478a4caa17303d963f0d75b2c2d39b4d94ad0f7384e27e2d74f406a74a635264b8a5949494aec78147ef1025a60_1280.jpg"
  },
  {
    "id": 109,
    "name": "Fish Curry Rice",
    "price": 170,
    "description": "Rice with fish cooked in coconut curry",
    "category": "Premium",
    "nutrition": {
      "calories": 450,
      "protein": 28,
      "carbs": 52,
      "fat": 16,
      "fiber": 4,
      "sodium": 620,
      "vitamins": "B12, D, Omega-3"
    },
    "ingredients": [
      "2 cups rice",
      "500g fresh fish (tilapia or snapper)",
      "Coconut milk (1 can)",
      "2 onions",
      "3 tomatoes",
      "Curry powder",
      "Turmeric",
      "Garlic and ginger",
      "Green chili",
      "Dhania",
      "Lemon juice",
      "Oil"
    ],
    "instructions": "1. Clean fish and cut into steaks, season with salt and lemon juice. 2. Heat oil in a pan, lightly fry fish pieces until golden. Set aside. 3. In same pan, sauté onions until soft. 4. Add garlic, ginger, and green chili, cook for 1 minute. 5. Add tomatoes, curry powder, and turmeric. Cook until tomatoes are soft. 6. Add coconut milk and bring to simmer. 7. Gently add fish pieces, simmer for 15 minutes. 8. Cook rice separately. 9. Garnish curry with dhania and serve with rice.",
    "cooking_time": "45 minutes",
    "difficulty": "Medium",
    "image": "https://pixabay.com/get/gf305bc579cdd2941a1aeff107781fa6ca8851f3065b276d004d1f4d6ac5293b36657fab6e5f7332ecff1cda79b7e23cdb714822c0bc582614a28c50db9086f66_1280.jpg"
  },
  {
    "id": 110,
    "name": "Matumbo Stew",
    "price": 140,
    "description": "Traditional tripe stew with ugali",
    "category": "Budget",
    "nutrition": {
      "calories": 380,
      "protein": 22,
      "carbs": 45,
      "fat": 14,
      "fiber": 6,
      "sodium": 680,
      "vitamins": "B12, Iron, Zinc"
    },
    "ingredients": [
      "500g beef tripe (matumbo)",
      "2 cups maize flour",
      "2 onions",
      "3 tomatoes",
      "Garlic and ginger",
      "Green bell pepper",
      "Dhania",
      "Cooking oil",
      "Salt and spices"
    ],
    "instructions": "1. Clean tripe thoroughly and cut into small pieces. 2. Boil tripe in salted water for 1.5 hours until tender. 3. Heat oil in a pan, sauté onions until golden. 4. Add garlic and ginger, cook for 1 minute. 5. Add tomatoes and bell pepper, cook until soft. 6. Add boiled tripe and some of the stock. 7. Season with salt and spices, simmer for 20 minutes. 8. Prepare ugali separately. 9. Garnish with dhania and serve with ugali.",
    "cooking_time": "2 hours",
    "difficulty": "Medium",
    "image": "https://pixabay.com/get/g8116a54d20a93231cba9ec5eca6915ad5fbbfae99baa13232007d3062779c2eb2bd1297b95076617cf250d1540490fb178800d82dbbd1d626608a842166c8030_1280.jpg"
  },
  {
    "id": 111,
    "name": "Kienyeji Chicken",
    "price": 250,
    "description": "Free-range chicken with rice",
    "category": "Premium",
    "nutrition": {
      "calories": 520,
      "protein": 38,
      "carbs": 48,
      "fat": 22,
      "fiber": 2,
      "sodium": 580,
      "vitamins": "B6, Niacin, Selenium"
    },
    "ingredients": [
      "1 free-range chicken",
      "2 cups rice",
      "2 onions",
      "4 tomatoes",
      "Garlic and ginger",
      "Green bell pepper",
      "Chicken cubes",
      "Dhania",
      "Cooking oil",
      "Salt and spices"
    ],
    "instructions": "1. Cut chicken into pieces and season well. 2. Heat oil in a heavy pot, brown chicken pieces. 3. Remove chicken, set aside. 4. Sauté onions in same pot until golden. 5. Add garlic, ginger, and bell pepper. 6. Add tomatoes and cook until soft. 7. Return chicken to pot with chicken cubes and water. 8. Simmer covered for 1 hour until tender. 9. Cook rice separately. 10. Garnish with dhania and serve with rice.",
    "cooking_time": "1.5 hours",
    "difficulty": "Medium",
    "image": "https://pixabay.com/get/g1e8639042218eb0ab3eac079d280fb681ecf4d2f8c3712b926b400459b276faa599e255259f6f6c00bc199e067ce7249fba328907f429101edc6f265aa01867e_1280.jpg"
  },
  {
    "id": 112,
    "name": "Green Grams Stew",
    "price": 120,
    "description": "Nutritious green grams with chapati",
    "category": "Budget",
    "nutrition": {
      "calories": 420,
      "protein": 16,
      "carbs": 68,
      "fat": 10,
      "fiber": 10,
      "sodium": 420,
      "vitamins": "Folate, Magnesium, Iron"
    },
    "ingredients": [
      "2 cups green grams (ndengu)",
      "2 cups wheat flour",
      "1 onion",
      "2 tomatoes",
      "Garlic and ginger",
      "Cooking oil",
      "Salt and spices",
      "Water"
    ],
    "instructions": "1. Soak green grams for 4 hours, then boil until tender (45 minutes). 2. Make chapati dough and let rest. 3. Heat oil in a pan, sauté onions until soft. 4. Add garlic and ginger, cook for 1 minute. 5. Add tomatoes and cook until soft. 6. Add cooked green grams with some cooking liquid. 7. Season and simmer for 15 minutes. 8. Roll and cook chapatis. 9. Serve hot green grams with chapatis.",
    "cooking_time": "1.5 hours",
    "difficulty": "Easy",
    "image": "https://pixabay.com/get/gc928069aed953729e23b4f76489eb6b41ab645bddd2e6aae5fce76c95cdf3403c68d82c53c4c3f849991063857d754c56fbc3b5bce63e35a402421f0a31b210b_1280.jpg"
  },
  {
    "id": 113,
    "name": "Beef Samosas",
    "price": 160,
    "description": "Homemade samosas with spiced beef filling",
    "category": "Premium",
    "nutrition": {
      "calories": 380,
      "protein": 18,
      "carbs": 32,
      "fat": 22,
      "fiber": 3,
      "sodium": 620,
      "vitamins": "B12, Iron"
    },
    "ingredients": [
      "2 cups flour",
      "300g minced beef",
      "1 onion",
      "2 cloves garlic",
      "Ginger",
      "Cumin powder",
      "Coriander powder",
      "Garam masala",
      "Green chili",
      "Oil for frying",
      "Salt"
    ],
    "instructions": "1. Make dough with flour, salt, oil, and water. Rest for 30 minutes. 2. Heat oil, sauté onions until golden. 3. Add garlic, ginger, and green chili. 4. Add minced beef and cook until brown. 5. Add spices and cook for 10 minutes. Let cool. 6. Roll dough thin and cut into strips. 7. Form triangular pockets and fill with beef mixture. 8. Seal edges with water. 9. Deep fry until golden brown. 10. Serve hot with chutney.",
    "cooking_time": "1.5 hours",
    "difficulty": "Hard",
    "image": "https://pixabay.com/get/g6792e67f93fa5befca5392c2f800eaf1e71384cbbc84d4ada1558f24fda9f77c9df91f58c9ade15b339b035dcc1a189f05c102595094d3076c6ad16a1c5001d6_1280.jpg"
  },
  {
    "id": 114,
    "name": "Mukimo",
    "price": 110,
    "description": "Mashed potatoes with green vegetables",
    "category": "Budget",
    "nutrition": {
      "calories": 280,
      "protein": 8,
      "carbs": 54,
      "fat": 6,
      "fiber": 8,
      "sodium": 320,
      "vitamins": "C, A, K, Folate"
    },
    "ingredients": [
      "4 large potatoes",
      "1 cup green peas",
      "1 bunch spinach",
      "2 green onions",
      "Cooking oil",
      "Salt to taste"
    ],
    "instructions": "1. Peel and boil potatoes until tender. 2. Boil green peas until soft. 3. Blanch spinach in boiling water for 2 minutes. 4. Drain all vegetables well. 5. Mash potatoes while hot. 6. Add green peas and mash together. 7. Add chopped spinach and green onions. 8. Mix well and add salt to taste. 9. Add a little oil and mix. 10. Serve hot as a side dish or main meal.",
    "cooking_time": "30 minutes",
    "difficulty": "Easy",
    "image": "https://pixabay.com/get/gfd14221bf0efee110cb46327fe0feeebd4ac9478a4caa17303d963f0d75b2c2d39b4d94ad0f7384e27e2d74f406a74a635264b8a5949494aec78147ef1025a60_1280.jpg"
  },
  {
    "id": 115,
    "name": "Mandazi",
    "price": 80,
    "description": "Sweet fried bread for breakfast",
    "category": "Budget",
    "nutrition": {
      "calories": 240,
      "protein": 6,
      "carbs": 36,
      "fat": 9,
      "fiber": 2,
      "sodium": 180,
      "vitamins": "B1, B2"
    },
    "ingredients": [
      "3 cups flour",
      "1/2 cup sugar",
      "1 tsp baking powder",
      "1/2 tsp cardamom powder",
      "1 egg",
      "1/2 cup coconut milk",
      "Oil for frying",
      "Salt pinch"
    ],
    "instructions": "1. Mix flour, sugar, baking powder, cardamom, and salt in a bowl. 2. Beat egg and add to dry ingredients. 3. Gradually add coconut milk to form soft dough. 4. Knead gently and rest for 30 minutes. 5. Roll dough to 1/2 inch thickness. 6. Cut into triangular or rectangular pieces. 7. Heat oil for deep frying. 8. Fry mandazi until golden brown on both sides. 9. Drain on paper towels. 10. Serve warm with tea or coffee.",
    "cooking_time": "45 minutes",
    "difficulty": "Easy",
    "image": "https://pixabay.com/get/gf305bc579cdd2941a1aeff107781fa6ca8851f3065b276d004d1f4d6ac5293b36657fab6e5f7332ecff1cda79b7e23cdb714822c0bc582614a28c50db9086f66_1280.jpg"
  },
  {
    "id": 116,
    "name": "Spinach Rice",
    "price": 130,
    "description": "Nutritious spinach mixed with rice",
    "category": "Budget",
    "nutrition": {
      "calories": 320,
      "protein": 10,
      "carbs": 58,
      "fat": 6,
      "fiber": 6,
      "sodium": 380,
      "vitamins": "A, C, K, Iron, Folate"
    },
    "ingredients": [
      "2 cups rice",
      "2 bunches spinach",
      "1 onion",
      "3 cloves garlic",
      "Cooking oil",
      "Salt and pepper"
    ],
    "instructions": "1. Wash and chop spinach finely. 2. Cook rice according to package instructions. 3. Heat oil in a large pan. 4. Sauté onions until translucent. 5. Add garlic and cook for 1 minute. 6. Add chopped spinach and cook until wilted. 7. Add cooked rice to the spinach mixture. 8. Mix well and season with salt and pepper. 9. Cook for 5 minutes, stirring gently. 10. Serve hot as a complete meal.",
    "cooking_time": "25 minutes",
    "difficulty": "Easy",
    "image": "https://pixabay.com/get/g8116a54d20a93231cba9ec5eca6915ad5fbbfae99baa13232007d3062779c2eb2bd1297b95076617cf250d1540490fb178800d82dbbd1d626608a842166c8030_1280.jpg"
  },
  {
    "id": 117,
    "name": "Beef Kebabs",
    "price": 180,
    "description": "Grilled beef skewers with ugali",
    "category": "Premium",
    "nutrition": {
      "calories": 450,
      "protein": 32,
      "carbs": 38,
      "fat": 22,
      "fiber": 3,
      "sodium": 580,
      "vitamins": "B12, Iron, Zinc"
    },
    "ingredients": [
      "500g beef (cubed)",
      "2 cups maize flour",
      "1 onion",
      "1 bell pepper",
      "Garlic and ginger",
      "Soy sauce",
      "Tomato sauce",
      "Oil",
      "Skewers",
      "Salt and spices"
    ],
    "instructions": "1. Cut beef into 2-inch cubes. 2. Marinate beef with garlic, ginger, soy sauce, and spices for 2 hours. 3. Cut onions and bell peppers into chunks. 4. Thread beef, onions, and peppers onto skewers. 5. Prepare charcoal fire or preheat grill. 6. Grill kebabs for 15-20 minutes, turning frequently. 7. Brush with tomato sauce while grilling. 8. Prepare ugali separately. 9. Serve hot kebabs with ugali and salad.",
    "cooking_time": "45 minutes (plus marinating)",
    "difficulty": "Medium",
    "image": "https://pixabay.com/get/g1e8639042218eb0ab3eac079d280fb681ecf4d2f8c3712b926b400459b276faa599e255259f6f6c00bc199e067ce7249fba328907f429101edc6f265aa01867e_1280.jpg"
  },
  {
    "id": 118,
    "name": "Coconut Rice",
    "price": 140,
    "description": "Aromatic rice cooked in coconut milk",
    "category": "Premium",
    "nutrition": {
      "calories": 380,
      "protein": 8,
      "carbs": 68,
      "fat": 10,
      "fiber": 2,
      "sodium": 280,
      "vitamins": "B1, Manganese"
    },
    "ingredients": [
      "2 cups basmati rice",
      "1 can coconut milk",
      "1 onion",
      "2 cloves garlic",
      "Ginger",
      "Bay leaves",
      "Salt",
      "Water"
    ],
    "instructions": "1. Wash and soak rice for 30 minutes. 2. Heat oil in a pot, sauté onions until golden. 3. Add garlic and ginger, cook for 1 minute. 4. Add drained rice and stir for 2 minutes. 5. Add coconut milk, bay leaves, and salt. 6. Add hot water to cover rice by 1 inch. 7. Bring to boil, then reduce heat to low. 8. Cover and simmer for 18 minutes. 9. Let stand for 5 minutes before serving. 10. Fluff with fork and serve.",
    "cooking_time": "40 minutes",
    "difficulty": "Medium",
    "image": "https://pixabay.com/get/gc928069aed953729e23b4f76489eb6b41ab645bddd2e6aae5fce76c95cdf3403c68d82c53c4c3f849991063857d754c56fbc3b5bce63e35a402421f0a31b210b_1280.jpg"
  },
  {
    "id": 119,
    "name": "Pork Stew",
    "price": 200,
    "description": "Tender pork stew with vegetables",
    "category": "Premium",
    "nutrition": {
      "calories": 480,
      "protein": 28,
      "carbs": 32,
      "fat": 26,
      "fiber": 4,
      "sodium": 620,
      "vitamins": "B1, B6, Niacin"
    },
    "ingredients": [
      "500g pork shoulder",
      "3 potatoes",
      "2 carrots",
      "1 onion",
      "3 tomatoes",
      "Garlic and ginger",
      "Bay leaves",
      "Cooking oil",
      "Salt and spices"
    ],
    "instructions": "1. Cut pork into chunks and season. 2. Heat oil in a heavy pot, brown pork pieces. 3. Remove pork, set aside. 4. Sauté onions until golden. 5. Add garlic and ginger, cook for 1 minute. 6. Add tomatoes and cook until soft. 7. Return pork to pot with bay leaves and water. 8. Simmer covered for 1 hour. 9. Add diced potatoes and carrots. 10. Cook for 30 minutes until vegetables are tender.",
    "cooking_time": "2 hours",
    "difficulty": "Medium",
    "image": "https://pixabay.com/get/g6792e67f93fa5befca5392c2f800eaf1e71384cbbc84d4ada1558f24fda9f77c9df91f58c9ade15b339b035dcc1a189f05c102595094d3076c6ad16a1c5001d6_1280.jpg"
  },
  {
    "id": 120,
    "name": "Vegetable Curry",
    "price": 100,
    "description": "Mixed vegetables in coconut curry",
    "category": "Budget",
    "nutrition": {
      "calories": 250,
      "protein": 8,
      "carbs": 38,
      "fat": 8,
      "fiber": 10,
      "sodium": 420,
      "vitamins": "A, C, K, Folate"
    },
    "ingredients": [
      "2 potatoes",
      "1 cup green beans",
      "1 cup carrots",
      "1 onion",
      "Coconut milk",
      "Curry powder",
      "Garlic and ginger",
      "Cooking oil",
      "Salt"
    ],
    "instructions": "1. Dice all vegetables into equal sizes. 2. Heat oil in a pot, sauté onions. 3. Add garlic and ginger, cook for 1 minute. 4. Add curry powder and cook until fragrant. 5. Add hard vegetables (potatoes, carrots) first. 6. Cook for 10 minutes, then add green beans. 7. Add coconut milk and simmer for 15 minutes. 8. Season with salt. 9. Simmer until vegetables are tender. 10. Serve with rice or chapati.",
    "cooking_time": "35 minutes",
    "difficulty": "Easy",
    "image": "https://pixabay.com/get/gfd14221bf0efee110cb46327fe0feeebd4ac9478a4caa17303d963f0d75b2c2d39b4d94ad0f7384e27e2d74f406a74a635264b8a5949494aec78147ef1025a60_1280.jpg"
  },
  {
    "id": 121,
    "name": "Fried Rice",
    "price": 150,
    "description": "Rice stir-fried with vegetables and eggs",
    "category": "Budget",
    "nutrition": {
      "calories": 380,
      "protein": 12,
      "carbs": 62,
      "fat": 10,
      "fiber": 4,
      "sodium": 520,
      "vitamins": "A, C, B12"
    },
    "ingredients": [
      "3 cups cooked rice (day-old)",
      "3 eggs",
      "1 cup mixed vegetables",
      "2 green onions",
      "Garlic and ginger",
      "Soy sauce",
      "Cooking oil",
      "Salt and pepper"
    ],
    "instructions": "1. Beat eggs and scramble in a hot pan. Set aside. 2. Heat oil in wok or large pan. 3. Add garlic and ginger, stir-fry for 30 seconds. 4. Add mixed vegetables, stir-fry for 3 minutes. 5. Add cold rice, breaking up clumps. 6. Stir-fry rice for 5 minutes. 7. Add scrambled eggs back to pan. 8. Season with soy sauce, salt, and pepper. 9. Add chopped green onions. 10. Stir-fry for 2 more minutes and serve hot.",
    "cooking_time": "20 minutes",
    "difficulty": "Easy",
    "image": "https://pixabay.com/get/gf305bc579cdd2941a1aeff107781fa6ca8851f3065b276d004d1f4d6ac5293b36657fab6e5f7332ecff1cda79b7e23cdb714822c0bc582614a28c50db9086f66_1280.jpg"
  },
  {
    "id": 122,
    "name": "Lentil Stew",
    "price": 110,
    "description": "Protein-rich lentils with chapati",
    "category": "Budget",
    "nutrition": {
      "calories": 360,
      "protein": 18,
      "carbs": 58,
      "fat": 8,
      "fiber": 12,
      "sodium": 380,
      "vitamins": "Folate, Iron, Magnesium"
    },
    "ingredients": [
      "2 cups red lentils",
      "2 cups wheat flour",
      "1 onion",
      "2 tomatoes",
      "Turmeric",
      "Cumin seeds",
      "Garlic and ginger",
      "Cooking oil",
      "Salt"
    ],
    "instructions": "1. Wash lentils and boil until tender (20 minutes). 2. Make chapati dough and rest. 3. Heat oil, add cumin seeds until they splutter. 4. Add onions and cook until golden. 5. Add garlic, ginger, and turmeric. 6. Add tomatoes and cook until soft. 7. Add cooked lentils with cooking liquid. 8. Season and simmer for 10 minutes. 9. Roll and cook chapatis. 10. Serve hot lentils with chapatis.",
    "cooking_time": "45 minutes",
    "difficulty": "Easy",
    "image": "https://pixabay.com/get/g8116a54d20a93231cba9ec5eca6915ad5fbbfae99baa13232007d3062779c2eb2bd1297b95076617cf250d1540490fb178800d82dbbd1d626608a842166c8030_1280.jpg"
  },
  {
    "id": 123,
    "name": "Chicken Pilau",
    "price": 230,
    "description": "Aromatic rice with tender chicken pieces",
    "category": "Premium",
    "nutrition": {
      "calories": 550,
      "protein": 32,
      "carbs": 72,
      "fat": 16,
      "fiber": 3,
      "sodium": 720,
      "vitamins": "B6, Niacin, B1"
    },
    "ingredients": [
      "2 cups basmati rice",
      "500g chicken pieces",
      "Pilau masala",
      "2 onions",
      "Ghee",
      "Cinnamon stick",
      "Cardamom",
      "Cloves",
      "Bay leaves",
      "Chicken stock",
      "Salt"
    ],
    "instructions": "1. Marinate chicken with pilau masala for 1 hour. 2. Heat ghee in heavy pot. 3. Add whole spices and fry until fragrant. 4. Add sliced onions, cook until golden. 5. Add marinated chicken, brown on all sides. 6. Add soaked rice and stir gently. 7. Add hot chicken stock to cover by 1 inch. 8. Bring to boil, then reduce heat. 9. Cover and simmer for 25 minutes. 10. Let stand for 10 minutes before serving.",
    "cooking_time": "1.5 hours",
    "difficulty": "Hard",
    "image": "https://pixabay.com/get/g1e8639042218eb0ab3eac079d280fb681ecf4d2f8c3712b926b400459b276faa599e255259f6f6c00bc199e067ce7249fba328907f429101edc6f265aa01867e_1280.jpg"
  },
  {
    "id": 124,
    "name": "Potato Curry",
    "price": 90,
    "description": "Spiced potato curry with rice",
    "category": "Budget",
    "nutrition": {
      "calories": 320,
      "protein": 8,
      "carbs": 66,
      "fat": 6,
      "fiber": 6,
      "sodium": 380,
      "vitamins": "C, B6, Potassium"
    },
    "ingredients": [
      "4 large potatoes",
      "2 cups rice",
      "1 onion",
      "2 tomatoes",
      "Curry powder",
      "Turmeric",
      "Garlic and ginger",
      "Cooking oil",
      "Salt"
    ],
    "instructions": "1. Peel and cube potatoes. 2. Heat oil, fry potato cubes until golden. Set aside. 3. In same oil, sauté onions until soft. 4. Add garlic, ginger, curry powder, and turmeric. 5. Add tomatoes and cook until soft. 6. Add fried potatoes and little water. 7. Simmer for 15 minutes until potatoes are tender. 8. Cook rice separately. 9. Season curry with salt. 10. Serve hot with rice.",
    "cooking_time": "35 minutes",
    "difficulty": "Easy",
    "image": "https://pixabay.com/get/gc928069aed953729e23b4f76489eb6b41ab645bddd2e6aae5fce76c95cdf3403c68d82c53c4c3f849991063857d754c56fbc3b5bce63e35a402421f0a31b210b_1280.jpg"
  },
  {
    "id": 125,
    "name": "Cabbage Stew",
    "price": 80,
    "description": "Simple cabbage stew with ugali",
    "category": "Budget",
    "nutrition": {
      "calories": 240,
      "protein": 8,
      "carbs": 48,
      "fat": 4,
      "fiber": 8,
      "sodium": 320,
      "vitamins": "C, K, Folate"
    },
    "ingredients": [
      "1 medium cabbage",
      "2 cups maize flour",
      "1 onion",
      "2 tomatoes",
      "Garlic",
      "Cooking oil",
      "Salt and pepper"
    ],
    "instructions": "1. Chop cabbage into strips. 2. Heat oil in a large pan. 3. Sauté onions until translucent. 4. Add garlic and cook for 1 minute. 5. Add tomatoes and cook until soft. 6. Add chopped cabbage and stir. 7. Cover and cook for 10 minutes until tender. 8. Season with salt and pepper. 9. Prepare ugali separately. 10. Serve cabbage stew with hot ugali.",
    "cooking_time": "35 minutes",
    "difficulty": "Easy",
    "image": "https://pixabay.com/get/g6792e67f93fa5befca5392c2f800eaf1e71384cbbc84d4ada1558f24fda9f77c9df91f58c9ade15b339b035dcc1a189f05c102595094d3076c6ad16a1c5001d6_1280.jpg"
  },
  {
    "id": 126,
    "name": "Beef Biryani",
    "price": 280,
    "description": "Layered rice and beef with aromatic spices",
    "category": "Premium",
    "nutrition": {
      "calories": 620,
      "protein": 35,
      "carbs": 78,
      "fat": 20,
      "fiber": 4,
      "sodium": 850,
      "vitamins": "B12, Iron, B1"
    },
    "ingredients": [
      "2 cups basmati rice",
      "500g beef",
      "2 onions",
      "Yogurt",
      "Biryani masala",
      "Saffron",
      "Milk",
      "Ghee",
      "Mint leaves",
      "Fried onions",
      "Salt"
    ],
    "instructions": "1. Marinate beef in yogurt and biryani masala for 2 hours. 2. Cook rice 70% with whole spices. 3. Cook marinated beef until tender. 4. Soak saffron in warm milk. 5. In a heavy pot, layer rice and beef alternately. 6. Sprinkle fried onions, mint, and saffron milk. 7. Cover with foil, then lid. 8. Cook on high heat for 3 minutes, then low for 45 minutes. 9. Let it rest for 10 minutes. 10. Serve with raita and pickles.",
    "cooking_time": "2.5 hours",
    "difficulty": "Hard",
    "image": "https://pixabay.com/get/gfd14221bf0efee110cb46327fe0feeebd4ac9478a4caa17303d963f0d75b2c2d39b4d94ad0f7384e27e2d74f406a74a635264b8a5949494aec78147ef1025a60_1280.jpg"
  },
  {
    "id": 127,
    "name": "Chicken Wings Stew",
    "price": 160,
    "description": "Chicken wings in rich tomato stew",
    "category": "Premium",
    "nutrition": {
      "calories": 420,
      "protein": 28,
      "carbs": 35,
      "fat": 22,
      "fiber": 4,
      "sodium": 580,
      "vitamins": "B6, Niacin, Lycopene"
    },
    "ingredients": [
      "1kg chicken wings",
      "2 cups rice",
      "3 onions",
      "4 tomatoes",
      "Bell peppers",
      "Garlic and ginger",
      "Tomato paste",
      "Cooking oil",
      "Salt and spices"
    ],
    "instructions": "1. Season chicken wings with salt and spices. 2. Heat oil in a pot, brown wings on all sides. 3. Remove wings, set aside. 4. Sauté onions until golden. 5. Add garlic, ginger, and bell peppers. 6. Add tomatoes and tomato paste, cook until thick. 7. Return wings to pot, add water. 8. Simmer for 45 minutes until tender. 9. Cook rice separately. 10. Serve wings stew with rice.",
    "cooking_time": "1 hour 15 minutes",
    "difficulty": "Medium",
    "image": "https://pixabay.com/get/gf305bc579cdd2941a1aeff107781fa6ca8851f3065b276d004d1f4d6ac5293b36657fab6e5f7332ecff1cda79b7e23cdb714822c0bc582614a28c50db9086f66_1280.jpg"
  },
  {
    "id": 128,
    "name": "Bean Stew",
    "price": 100,
    "description": "Kidney beans in tomato sauce with ugali",
    "category": "Budget",
    "nutrition": {
      "calories": 380,
      "protein": 16,
      "carbs": 68,
      "fat": 6,
      "fiber": 14,
      "sodium": 420,
      "vitamins": "Folate, Iron, Magnesium"
    },
    "ingredients": [
      "2 cups kidney beans",
      "2 cups maize flour",
      "1 onion",
      "3 tomatoes",
      "Garlic and ginger",
      "Cooking oil",
      "Salt and spices"
    ],
    "instructions": "1. Soak beans overnight, then boil until tender (2 hours). 2. Heat oil in a pan, sauté onions until soft. 3. Add garlic and ginger, cook for 1 minute. 4. Add tomatoes and cook until soft. 5. Add cooked beans with some cooking liquid. 6. Season with salt and spices. 7. Simmer for 15 minutes. 8. Prepare ugali separately. 9. Mash some beans for thickness. 10. Serve hot with ugali.",
    "cooking_time": "2.5 hours",
    "difficulty": "Easy",
    "image": "https://pixabay.com/get/g8116a54d20a93231cba9ec5eca6915ad5fbbfae99baa13232007d3062779c2eb2bd1297b95076617cf250d1540490fb178800d82dbbd1d626608a842166c8030_1280.jpg"
  },
  {
    "id": 129,
    "name": "Goat Meat Stew",
    "price": 220,
    "description": "Traditional goat meat stew with rice",
    "category": "Premium",
    "nutrition": {
      "calories": 480,
      "protein": 35,
      "carbs": 38,
      "fat": 24,
      "fiber": 3,
      "sodium": 620,
      "vitamins": "B12, Iron, Zinc"
    },
    "ingredients": [
      "500g goat meat",
      "2 cups rice",
      "2 onions",
      "4 tomatoes",
      "Garlic and ginger",
      "Bay leaves",
      "Cooking oil",
      "Salt and spices"
    ],
    "instructions": "1. Cut goat meat into pieces and season well. 2. Heat oil in a heavy pot, brown meat pieces. 3. Remove meat, set aside. 4. Sauté onions until golden. 5. Add garlic and ginger, cook for 1 minute. 6. Add tomatoes and cook until soft. 7. Return meat with bay leaves and water. 8. Simmer covered for 2 hours until tender. 9. Cook rice separately. 10. Serve stew with rice.",
    "cooking_time": "2.5 hours",
    "difficulty": "Medium",
    "image": "https://pixabay.com/get/g1e8639042218eb0ab3eac079d280fb681ecf4d2f8c3712b926b400459b276faa599e255259f6f6c00bc199e067ce7249fba328907f429101edc6f265aa01867e_1280.jpg"
  },
  {
    "id": 130,
    "name": "Sweet Potato Stew",
    "price": 90,
    "description": "Nutritious sweet potatoes with greens",
    "category": "Budget",
    "nutrition": {
      "calories": 280,
      "protein": 6,
      "carbs": 62,
      "fat": 4,
      "fiber": 8,
      "sodium": 280,
      "vitamins": "A, C, B6, Potassium"
    },
    "ingredients": [
      "4 sweet potatoes",
      "1 bunch spinach",
      "1 onion",
      "2 tomatoes",
      "Cooking oil",
      "Salt and pepper"
    ],
    "instructions": "1. Peel and cube sweet potatoes. 2. Boil sweet potatoes until tender (20 minutes). 3. Heat oil in a pan, sauté onions. 4. Add tomatoes and cook until soft. 5. Add cooked sweet potatoes and mash lightly. 6. Add chopped spinach and mix. 7. Season with salt and pepper. 8. Cook for 5 minutes until spinach wilts. 9. Add a little water if needed. 10. Serve hot as a complete meal.",
    "cooking_time": "35 minutes",
    "difficulty": "Easy",
    "image": "https://pixabay.com/get/gc928069aed953729e23b4f76489eb6b41ab645bddd2e6aae5fce76c95cdf3403c68d82c53c4c3f849991063857d754c56fbc3b5bce63e35a402421f0a31b210b_1280.jpg"
  }
]
