[
  {
    "name": "CBD",
    "zone": "Central"
  },
  {
    "name": "Westlands",
    "zone": "West"
  },
  {
    "name": "Eastleigh",
    "zone": "East"
  },
  {
    "name": "Kibera",
    "zone": "South West"
  },
  {
    "name": "Mathare",
    "zone": "North East"
  },
  {
    "name": "Gikomba",
    "zone": "East"
  },
  {
    "name": "University Way",
    "zone": "Central"
  },
  {
    "name": "Mombasa Road",
    "zone": "South"
  },
  {
    "name": "Thika Road",
    "zone": "North"
  },
  {
    "name": "Kasarani",
    "zone": "North East"
  },
  {
    "name": "Embakasi",
    "zone": "East"
  },
  {
    "name": "Karen",
    "zone": "South West"
  },
  {
    "name": "Langata",
    "zone": "South"
  },
  {
    "name": "Parklands",
    "zone": "North West"
  },
  {
    "name": "South B",
    "zone": "South"
  }
]
