[
  {
    "id": 1,
    "name": "Mutura",
    "price": 50,
    "description": "Traditional Kenyan blood sausage grilled over charcoal",
    "category": "Budget",
    "vendor": "Mama Jane's Grill",
    "locations": ["CBD", "Gikomba", "Kibera"],
    "nutrition": {
      "calories": 280,
      "protein": 15,
      "carbs": 8,
      "fat": 22,
      "fiber": 2,
      "sodium": 650,
      "vitamins": "B12, Iron"
    },
    "instructions": "Grilled over charcoal fire until crispy outside. Served hot with ugali or bread.",
    "image": "https://pixabay.com/get/gcbe5897ca8630eee10292d157b7372c0e0acd91bd5582f95491eae2f41ca12cc1f45f4bdebc8988e7590e475484d5178c26ffa701a2b88d92d5bce1f249e0be2_1280.jpg"
  },
  {
    "id": 2,
    "name": "Samosa",
    "price": 20,
    "description": "Crispy triangular pastry filled with spiced meat or vegetables",
    "category": "Budget",
    "vendor": "Eastleigh Samosa House",
    "locations": ["Eastleigh", "CBD", "Westlands"],
    "nutrition": {
      "calories": 150,
      "protein": 6,
      "carbs": 18,
      "fat": 8,
      "fiber": 1,
      "sodium": 320,
      "vitamins": "A, C"
    },
    "instructions": "Deep fried until golden brown. Served with tamarind or mint chutney.",
    "image": "https://pixabay.com/get/g8259e43095b1543cf10945f6d139fb1b14e4c8caaa6e2407e18ae49c9450f2400ac993885a5ddc7751b64374501486162ed41231e1178500f4a94fc42a6148aa_1280.jpg"
  },
  {
    "id": 3,
    "name": "Smocha",
    "price": 80,
    "description": "Chapati wrapped around sausage with vegetables and sauce",
    "category": "Budget",
    "vendor": "Campus Corner",
    "locations": ["University Way", "CBD", "Westlands"],
    "nutrition": {
      "calories": 420,
      "protein": 18,
      "carbs": 45,
      "fat": 20,
      "fiber": 4,
      "sodium": 850,
      "vitamins": "B1, B6"
    },
    "instructions": "Chapati warmed, sausage grilled, wrapped with vegetables and tomato sauce.",
    "image": "https://pixabay.com/get/g6a5c2011096e05e8e53461e2ae2c1dd943c53ade1be368ac160440595534450a26bd99f66950f509d541a46c0cb672d3775542fce7e446dae647326a81ea0fce_1280.jpg"
  },
  {
    "id": 4,
    "name": "Mayai Pasua",
    "price": 30,
    "description": "Hard-boiled egg cut open and filled with spices",
    "category": "Budget",
    "vendor": "Street Side Snacks",
    "locations": ["CBD", "Gikomba", "Kibera", "Mathare"],
    "nutrition": {
      "calories": 90,
      "protein": 7,
      "carbs": 1,
      "fat": 6,
      "fiber": 0,
      "sodium": 180,
      "vitamins": "B12, D, Choline"
    },
    "instructions": "Egg boiled for 10 minutes, cut open, filled with salt, pepper, and curry powder.",
    "image": "https://pixabay.com/get/g0d3a59d25ed105673a9bd2ba40fe2d0364c5383b0979af97487bd9d55e332ad58ac71c15fe1ce018703a2b97b45e2e1cd71a044b743e85e5406acc063299dcfc_1280.jpg"
  },
  {
    "id": 5,
    "name": "Chapo Dondo",
    "price": 60,
    "description": "Chapati with green grams curry",
    "category": "Budget",
    "vendor": "Mama Mary's Kitchen",
    "locations": ["Kibera", "Mathare", "Eastleigh"],
    "nutrition": {
      "calories": 380,
      "protein": 14,
      "carbs": 58,
      "fat": 12,
      "fiber": 8,
      "sodium": 420,
      "vitamins": "Folate, Magnesium"
    },
    "instructions": "Chapati served with spiced green grams cooked with onions and tomatoes.",
    "image": "https://pixabay.com/get/g330aa04f61c3b7972b1373df371c50dfbbdb180c3bc5ed7db720444a12e6641833e8de0a1262ec0548d9ef2b764b04bc2391c8bafc594d2c474919d1d7096ffc_1280.jpg"
  },
  {
    "id": 6,
    "name": "Mishkaki",
    "price": 100,
    "description": "Grilled beef skewers marinated in spices",
    "category": "Premium",
    "vendor": "Coastal Grill",
    "locations": ["CBD", "Westlands", "Eastleigh"],
    "nutrition": {
      "calories": 320,
      "protein": 28,
      "carbs": 5,
      "fat": 20,
      "fiber": 1,
      "sodium": 580,
      "vitamins": "B12, Iron, Zinc"
    },
    "instructions": "Beef marinated in garlic, ginger, and spices, then grilled on skewers.",
    "image": "https://pixabay.com/get/g3895479121f3c0f7ee77396d9d2dca9dda406177566ea584a6882802e1e6fb58bb865fe13c36fcafcbfdad1e0bb434a333b311049b4324805c6b0bd16623deef_1280.jpg"
  },
  {
    "id": 7,
    "name": "Chapo Beans",
    "price": 70,
    "description": "Chapati served with seasoned kidney beans",
    "category": "Budget",
    "vendor": "Quick Bite",
    "locations": ["CBD", "Gikomba", "Westlands"],
    "nutrition": {
      "calories": 450,
      "protein": 18,
      "carbs": 68,
      "fat": 14,
      "fiber": 12,
      "sodium": 520,
      "vitamins": "Folate, Iron"
    },
    "instructions": "Chapati served with kidney beans cooked in tomato and onion sauce.",
    "image": "https://pixabay.com/get/g6728dce38e0d3c4543ab7cfbc008e63b601318fc5b662701b4bc627768ddd4eb74f8b650006f5262c5d71d745b543de829dbff545a0a20e3476e62d8505328b8_1280.jpg"
  },
  {
    "id": 8,
    "name": "Bhajia",
    "price": 25,
    "description": "Deep-fried potato fritters with spices",
    "category": "Budget",
    "vendor": "Corner Snacks",
    "locations": ["CBD", "Eastleigh", "Kibera"],
    "nutrition": {
      "calories": 180,
      "protein": 4,
      "carbs": 22,
      "fat": 9,
      "fiber": 3,
      "sodium": 280,
      "vitamins": "C, B6"
    },
    "instructions": "Potato slices dipped in spiced gram flour batter and deep fried.",
    "image": "https://pixabay.com/get/g9daaa60599c259b10d92e3259f0d84c9d7709e8017364cb416bf1cb02c49b478d3779781193841ce0725816ca18135d52cdf64218796b1514a867a7879aca026_1280.jpg"
  },
  {
    "id": 9,
    "name": "Mandazi",
    "price": 15,
    "description": "Sweet fried bread, perfect for breakfast or snack",
    "category": "Budget",
    "vendor": "Morning Glory",
    "locations": ["CBD", "Westlands", "Gikomba"],
    "nutrition": {
      "calories": 120,
      "protein": 3,
      "carbs": 18,
      "fat": 4,
      "fiber": 1,
      "sodium": 150,
      "vitamins": "B1, B2"
    },
    "instructions": "Sweet dough deep fried until golden brown. Served warm.",
    "image": "https://pixabay.com/get/gcbe5897ca8630eee10292d157b7372c0e0acd91bd5582f95491eae2f41ca12cc1f45f4bdebc8988e7590e475484d5178c26ffa701a2b88d92d5bce1f249e0be2_1280.jpg"
  },
  {
    "id": 10,
    "name": "Kachumbari",
    "price": 40,
    "description": "Fresh tomato and onion salad with lemon",
    "category": "Budget",
    "vendor": "Fresh Bites",
    "locations": ["CBD", "Westlands", "Eastleigh"],
    "nutrition": {
      "calories": 35,
      "protein": 1,
      "carbs": 8,
      "fat": 0,
      "fiber": 2,
      "sodium": 120,
      "vitamins": "C, A, Lycopene"
    },
    "instructions": "Fresh tomatoes and onions chopped, seasoned with lemon juice and salt.",
    "image": "https://pixabay.com/get/g8259e43095b1543cf10945f6d139fb1b14e4c8caaa6e2407e18ae49c9450f2400ac993885a5ddc7751b64374501486162ed41231e1178500f4a94fc42a6148aa_1280.jpg"
  },
  {
    "id": 11,
    "name": "Viazi Karai",
    "price": 35,
    "description": "Spiced deep-fried potato wedges",
    "category": "Budget",
    "vendor": "Spice Corner",
    "locations": ["Mombasa Road", "CBD", "Eastleigh"],
    "nutrition": {
      "calories": 220,
      "protein": 4,
      "carbs": 35,
      "fat": 8,
      "fiber": 4,
      "sodium": 380,
      "vitamins": "C, B6, Potassium"
    },
    "instructions": "Potato wedges coated in spiced batter and deep fried until crispy.",
    "image": "https://pixabay.com/get/g6a5c2011096e05e8e53461e2ae2c1dd943c53ade1be368ac160440595534450a26bd99f66950f509d541a46c0cb672d3775542fce7e446dae647326a81ea0fce_1280.jpg"
  },
  {
    "id": 12,
    "name": "Roast Maize",
    "price": 25,
    "description": "Grilled corn on the cob with salt and lemon",
    "category": "Budget",
    "vendor": "Street Roast",
    "locations": ["CBD", "Gikomba", "Mathare", "Kibera"],
    "nutrition": {
      "calories": 90,
      "protein": 3,
      "carbs": 19,
      "fat": 1,
      "fiber": 3,
      "sodium": 180,
      "vitamins": "B1, C, Magnesium"
    },
    "instructions": "Fresh maize grilled over charcoal, served with salt and lemon juice.",
    "image": "https://pixabay.com/get/g0d3a59d25ed105673a9bd2ba40fe2d0364c5383b0979af97487bd9d55e332ad58ac71c15fe1ce018703a2b97b45e2e1cd71a044b743e85e5406acc063299dcfc_1280.jpg"
  },
  {
    "id": 13,
    "name": "Githeri",
    "price": 60,
    "description": "Mixed maize and beans, a Kenyan staple",
    "category": "Budget",
    "vendor": "Traditional Eats",
    "locations": ["Gikomba", "Mathare", "Kibera"],
    "nutrition": {
      "calories": 320,
      "protein": 12,
      "carbs": 58,
      "fat": 6,
      "fiber": 10,
      "sodium": 350,
      "vitamins": "Folate, Iron, Magnesium"
    },
    "instructions": "Maize and beans boiled together with onions, tomatoes, and spices.",
    "image": "https://pixabay.com/get/g330aa04f61c3b7972b1373df371c50dfbbdb180c3bc5ed7db720444a12e6641833e8de0a1262ec0548d9ef2b764b04bc2391c8bafc594d2c474919d1d7096ffc_1280.jpg"
  },
  {
    "id": 14,
    "name": "Fish and Chips",
    "price": 150,
    "description": "Fried tilapia with potato chips",
    "category": "Premium",
    "vendor": "Ocean View",
    "locations": ["CBD", "Westlands"],
    "nutrition": {
      "calories": 520,
      "protein": 35,
      "carbs": 45,
      "fat": 25,
      "fiber": 4,
      "sodium": 680,
      "vitamins": "B12, D, Omega-3"
    },
    "instructions": "Fresh tilapia deep fried with seasoned potato chips.",
    "image": "https://pixabay.com/get/g3895479121f3c0f7ee77396d9d2dca9dda406177566ea584a6882802e1e6fb58bb865fe13c36fcafcbfdad1e0bb434a333b311049b4324805c6b0bd16623deef_1280.jpg"
  },
  {
    "id": 15,
    "name": "Chicken Wings",
    "price": 120,
    "description": "Grilled or fried chicken wings with spices",
    "category": "Premium",
    "vendor": "Wings Palace",
    "locations": ["CBD", "Westlands", "University Way"],
    "nutrition": {
      "calories": 290,
      "protein": 26,
      "carbs": 2,
      "fat": 19,
      "fiber": 0,
      "sodium": 480,
      "vitamins": "B6, Niacin, Phosphorus"
    },
    "instructions": "Chicken wings marinated in spices and grilled or fried until crispy.",
    "image": "https://pixabay.com/get/g6728dce38e0d3c4543ab7cfbc008e63b601318fc5b662701b4bc627768ddd4eb74f8b650006f5262c5d71d745b543de829dbff545a0a20e3476e62d8505328b8_1280.jpg"
  },
  {
    "id": 16,
    "name": "Chapati Chicken",
    "price": 100,
    "description": "Chapati served with seasoned chicken stew",
    "category": "Premium",
    "vendor": "Chicken Corner",
    "locations": ["CBD", "Eastleigh", "Westlands"],
    "nutrition": {
      "calories": 480,
      "protein": 32,
      "carbs": 42,
      "fat": 22,
      "fiber": 3,
      "sodium": 620,
      "vitamins": "B6, Niacin, Selenium"
    },
    "instructions": "Soft chapati served with chicken cooked in tomato and onion gravy.",
    "image": "https://pixabay.com/get/g9daaa60599c259b10d92e3259f0d84c9d7709e8017364cb416bf1cb02c49b478d3779781193841ce0725816ca18135d52cdf64218796b1514a867a7879aca026_1280.jpg"
  },
  {
    "id": 17,
    "name": "Ugali Nyama",
    "price": 80,
    "description": "Ugali served with beef stew",
    "category": "Budget",
    "vendor": "Home Style",
    "locations": ["Gikomba", "Mathare", "Kibera"],
    "nutrition": {
      "calories": 420,
      "protein": 25,
      "carbs": 48,
      "fat": 16,
      "fiber": 2,
      "sodium": 580,
      "vitamins": "B12, Iron, Zinc"
    },
    "instructions": "Ugali served with beef stew cooked with tomatoes, onions, and spices.",
    "image": "https://pixabay.com/get/gcbe5897ca8630eee10292d157b7372c0e0acd91bd5582f95491eae2f41ca12cc1f45f4bdebc8988e7590e475484d5178c26ffa701a2b88d92d5bce1f249e0be2_1280.jpg"
  },
  {
    "id": 18,
    "name": "Pilau",
    "price": 120,
    "description": "Spiced rice with meat and aromatic spices",
    "category": "Premium",
    "vendor": "Coastal Kitchen",
    "locations": ["CBD", "Eastleigh", "Westlands"],
    "nutrition": {
      "calories": 450,
      "protein": 22,
      "carbs": 65,
      "fat": 14,
      "fiber": 3,
      "sodium": 680,
      "vitamins": "B1, B6, Iron"
    },
    "instructions": "Rice cooked with meat, spices, and coconut milk until aromatic.",
    "image": "https://pixabay.com/get/g8259e43095b1543cf10945f6d139fb1b14e4c8caaa6e2407e18ae49c9450f2400ac993885a5ddc7751b64374501486162ed41231e1178500f4a94fc42a6148aa_1280.jpg"
  },
  {
    "id": 19,
    "name": "Chapati Roll",
    "price": 90,
    "description": "Chapati rolled with vegetables and sauce",
    "category": "Budget",
    "vendor": "Roll House",
    "locations": ["University Way", "CBD", "Westlands"],
    "nutrition": {
      "calories": 350,
      "protein": 12,
      "carbs": 48,
      "fat": 14,
      "fiber": 5,
      "sodium": 480,
      "vitamins": "A, C, Folate"
    },
    "instructions": "Chapati filled with vegetables and rolled with spicy sauce.",
    "image": "https://pixabay.com/get/g6a5c2011096e05e8e53461e2ae2c1dd943c53ade1be368ac160440595534450a26bd99f66950f509d541a46c0cb672d3775542fce7e446dae647326a81ea0fce_1280.jpg"
  },
  {
    "id": 20,
    "name": "Nyama Choma",
    "price": 200,
    "description": "Grilled goat meat, a Kenyan favorite",
    "category": "Premium",
    "vendor": "Choma Point",
    "locations": ["CBD", "Westlands", "Eastleigh"],
    "nutrition": {
      "calories": 380,
      "protein": 35,
      "carbs": 0,
      "fat": 26,
      "fiber": 0,
      "sodium": 420,
      "vitamins": "B12, Iron, Zinc"
    },
    "instructions": "Goat meat grilled over open fire and served with ugali or rice.",
    "image": "https://pixabay.com/get/g0d3a59d25ed105673a9bd2ba40fe2d0364c5383b0979af97487bd9d55e332ad58ac71c15fe1ce018703a2b97b45e2e1cd71a044b743e85e5406acc063299dcfc_1280.jpg"
  },
  {
    "id": 21,
    "name": "Smokies",
    "price": 40,
    "description": "Grilled sausages served hot",
    "category": "Budget",
    "vendor": "Grill Master",
    "locations": ["CBD", "University Way", "Westlands"],
    "nutrition": {
      "calories": 180,
      "protein": 8,
      "carbs": 4,
      "fat": 15,
      "fiber": 0,
      "sodium": 520,
      "vitamins": "B1, B12"
    },
    "instructions": "Sausages grilled over charcoal until crispy outside.",
    "image": "https://pixabay.com/get/g330aa04f61c3b7972b1373df371c50dfbbdb180c3bc5ed7db720444a12e6641833e8de0a1262ec0548d9ef2b764b04bc2391c8bafc594d2c474919d1d7096ffc_1280.jpg"
  },
  {
    "id": 22,
    "name": "Chips Mayai",
    "price": 80,
    "description": "French fries mixed with scrambled eggs",
    "category": "Budget",
    "vendor": "Fast Bites",
    "locations": ["CBD", "Westlands", "Gikomba"],
    "nutrition": {
      "calories": 420,
      "protein": 16,
      "carbs": 45,
      "fat": 22,
      "fiber": 4,
      "sodium": 680,
      "vitamins": "B12, D, Choline"
    },
    "instructions": "French fries mixed with scrambled eggs and seasoned with spices.",
    "image": "https://pixabay.com/get/g3895479121f3c0f7ee77396d9d2dca9dda406177566ea584a6882802e1e6fb58bb865fe13c36fcafcbfdad1e0bb434a333b311049b4324805c6b0bd16623deef_1280.jpg"
  },
  {
    "id": 23,
    "name": "Rice and Beans",
    "price": 70,
    "description": "White rice served with kidney beans in sauce",
    "category": "Budget",
    "vendor": "Simple Meals",
    "locations": ["Kibera", "Mathare", "Gikomba"],
    "nutrition": {
      "calories": 380,
      "protein": 14,
      "carbs": 72,
      "fat": 6,
      "fiber": 8,
      "sodium": 420,
      "vitamins": "Folate, Iron, Magnesium"
    },
    "instructions": "White rice served with kidney beans cooked in tomato sauce.",
    "image": "https://pixabay.com/get/g6728dce38e0d3c4543ab7cfbc008e63b601318fc5b662701b4bc627768ddd4eb74f8b650006f5262c5d71d745b543de829dbff545a0a20e3476e62d8505328b8_1280.jpg"
  },
  {
    "id": 24,
    "name": "Tea and Bread",
    "price": 30,
    "description": "Hot tea served with fresh bread",
    "category": "Budget",
    "vendor": "Morning Cafe",
    "locations": ["CBD", "Gikomba", "Mathare", "Kibera"],
    "nutrition": {
      "calories": 180,
      "protein": 6,
      "carbs": 32,
      "fat": 4,
      "fiber": 2,
      "sodium": 320,
      "vitamins": "B1, B2, Calcium"
    },
    "instructions": "Hot black tea with milk and sugar, served with fresh white bread.",
    "image": "https://pixabay.com/get/g9daaa60599c259b10d92e3259f0d84c9d7709e8017364cb416bf1cb02c49b478d3779781193841ce0725816ca18135d52cdf64218796b1514a867a7879aca026_1280.jpg"
  },
  {
    "id": 25,
    "name": "Chicken Burger",
    "price": 150,
    "description": "Grilled chicken burger with vegetables",
    "category": "Premium",
    "vendor": "Burger Joint",
    "locations": ["CBD", "Westlands", "University Way"],
    "nutrition": {
      "calories": 480,
      "protein": 28,
      "carbs": 45,
      "fat": 24,
      "fiber": 4,
      "sodium": 820,
      "vitamins": "B6, Niacin, Selenium"
    },
    "instructions": "Grilled chicken breast in burger bun with lettuce, tomato, and sauce.",
    "image": "https://pixabay.com/get/gcbe5897ca8630eee10292d157b7372c0e0acd91bd5582f95491eae2f41ca12cc1f45f4bdebc8988e7590e475484d5178c26ffa701a2b88d92d5bce1f249e0be2_1280.jpg"
  },
  {
    "id": 26,
    "name": "Ugali Fish",
    "price": 90,
    "description": "Ugali served with fried fish",
    "category": "Budget",
    "vendor": "Fish Corner",
    "locations": ["CBD", "Gikomba", "Eastleigh"],
    "nutrition": {
      "calories": 420,
      "protein": 28,
      "carbs": 42,
      "fat": 18,
      "fiber": 2,
      "sodium": 580,
      "vitamins": "B12, D, Omega-3"
    },
    "instructions": "Ugali served with fried tilapia seasoned with spices.",
    "image": "https://pixabay.com/get/g8259e43095b1543cf10945f6d139fb1b14e4c8caaa6e2407e18ae49c9450f2400ac993885a5ddc7751b64374501486162ed41231e1178500f4a94fc42a6148aa_1280.jpg"
  },
  {
    "id": 27,
    "name": "Meat Pie",
    "price": 45,
    "description": "Pastry filled with seasoned minced meat",
    "category": "Budget",
    "vendor": "Bakery Corner",
    "locations": ["CBD", "Westlands", "Eastleigh"],
    "nutrition": {
      "calories": 280,
      "protein": 12,
      "carbs": 28,
      "fat": 15,
      "fiber": 2,
      "sodium": 480,
      "vitamins": "B12, Iron"
    },
    "instructions": "Pastry shell filled with spiced minced meat and baked until golden.",
    "image": "https://pixabay.com/get/g6a5c2011096e05e8e53461e2ae2c1dd943c53ade1be368ac160440595534450a26bd99f66950f509d541a46c0cb672d3775542fce7e446dae647326a81ea0fce_1280.jpg"
  },
  {
    "id": 28,
    "name": "Soda and Chips",
    "price": 60,
    "description": "French fries served with cold soda",
    "category": "Budget",
    "vendor": "Quick Stop",
    "locations": ["CBD", "University Way", "Westlands"],
    "nutrition": {
      "calories": 380,
      "protein": 4,
      "carbs": 58,
      "fat": 15,
      "fiber": 4,
      "sodium": 520,
      "vitamins": "C, B6"
    },
    "instructions": "Crispy french fries served with cold carbonated drink.",
    "image": "https://pixabay.com/get/g0d3a59d25ed105673a9bd2ba40fe2d0364c5383b0979af97487bd9d55e332ad58ac71c15fe1ce018703a2b97b45e2e1cd71a044b743e85e5406acc063299dcfc_1280.jpg"
  },
  {
    "id": 29,
    "name": "Pancakes",
    "price": 50,
    "description": "Sweet pancakes served with syrup",
    "category": "Budget",
    "vendor": "Breakfast Point",
    "locations": ["CBD", "Westlands", "University Way"],
    "nutrition": {
      "calories": 220,
      "protein": 6,
      "carbs": 38,
      "fat": 6,
      "fiber": 2,
      "sodium": 280,
      "vitamins": "B1, B2, Calcium"
    },
    "instructions": "Pancakes cooked on griddle and served with maple syrup.",
    "image": "https://pixabay.com/get/g330aa04f61c3b7972b1373df371c50dfbbdb180c3bc5ed7db720444a12e6641833e8de0a1262ec0548d9ef2b764b04bc2391c8bafc594d2c474919d1d7096ffc_1280.jpg"
  },
  {
    "id": 30,
    "name": "Fruit Salad",
    "price": 80,
    "description": "Fresh mixed fruits with lime juice",
    "category": "Premium",
    "vendor": "Fresh Fruits",
    "locations": ["CBD", "Westlands", "Eastleigh"],
    "nutrition": {
      "calories": 120,
      "protein": 2,
      "carbs": 30,
      "fat": 1,
      "fiber": 6,
      "sodium": 5,
      "vitamins": "C, A, Potassium"
    },
    "instructions": "Fresh seasonal fruits cut and mixed with lime juice and mint.",
    "image": "https://pixabay.com/get/g3895479121f3c0f7ee77396d9d2dca9dda406177566ea584a6882802e1e6fb58bb865fe13c36fcafcbfdad1e0bb434a333b311049b4324805c6b0bd16623deef_1280.jpg"
  },
  {
    "id": 31,
    "name": "Chapati Sukuma",
    "price": 55,
    "description": "Chapati served with collard greens",
    "category": "Budget",
    "vendor": "Green Garden",
    "locations": ["Kibera", "Mathare", "Gikomba"],
    "nutrition": {
      "calories": 280,
      "protein": 8,
      "carbs": 42,
      "fat": 10,
      "fiber": 6,
      "sodium": 380,
      "vitamins": "A, C, K, Folate"
    },
    "instructions": "Soft chapati served with sautéed collard greens and onions.",
    "image": "https://pixabay.com/get/g6728dce38e0d3c4543ab7cfbc008e63b601318fc5b662701b4bc627768ddd4eb74f8b650006f5262c5d71d745b543de829dbff545a0a20e3476e62d8505328b8_1280.jpg"
  },
  {
    "id": 32,
    "name": "Beef Stew Rice",
    "price": 110,
    "description": "White rice with rich beef stew",
    "category": "Premium",
    "vendor": "Stew House",
    "locations": ["CBD", "Westlands", "Eastleigh"],
    "nutrition": {
      "calories": 460,
      "protein": 26,
      "carbs": 58,
      "fat": 16,
      "fiber": 3,
      "sodium": 620,
      "vitamins": "B12, Iron, Zinc"
    },
    "instructions": "White rice served with tender beef stew in rich tomato gravy.",
    "image": "https://pixabay.com/get/g9daaa60599c259b10d92e3259f0d84c9d7709e8017364cb416bf1cb02c49b478d3779781193841ce0725816ca18135d52cdf64218796b1514a867a7879aca026_1280.jpg"
  },
  {
    "id": 33,
    "name": "Chicken Biryani",
    "price": 250,
    "description": "Fragrant chicken biryani from local restaurants",
    "category": "Premium",
    "vendor": "Spice Garden Restaurant",
    "locations": ["CBD", "Westlands", "Eastleigh"],
    "nutrition": {
      "calories": 520,
      "protein": 32,
      "carbs": 68,
      "fat": 18,
      "fiber": 4,
      "sodium": 780,
      "vitamins": "B6, Niacin, Iron"
    },
    "instructions": "Aromatic basmati rice layered with spiced chicken and cooked to perfection.",
    "image": "https://pixabay.com/get/gcbe5897ca8630eee10292d157b7372c0e0acd91bd5582f95491eae2f41ca12cc1f45f4bdebc8988e7590e475484d5178c26ffa701a2b88d92d5bce1f249e0be2_1280.jpg"
  },
  {
    "id": 34,
    "name": "Pilau (Beef/Chicken)",
    "price": 180,
    "description": "Traditional spiced rice with meat",
    "category": "Premium",
    "vendor": "Mama Njeri's Kitchen",
    "locations": ["CBD", "Eastleigh", "Gikomba"],
    "nutrition": {
      "calories": 480,
      "protein": 24,
      "carbs": 62,
      "fat": 16,
      "fiber": 3,
      "sodium": 650,
      "vitamins": "B1, B6, Iron"
    },
    "instructions": "Rice cooked with meat, spices, and coconut milk until aromatic and flavorful.",
    "image": "https://pixabay.com/get/g8259e43095b1543cf10945f6d139fb1b14e4c8caaa6e2407e18ae49c9450f2400ac993885a5ddc7751b64374501486162ed41231e1178500f4a94fc42a6148aa_1280.jpg"
  },
  {
    "id": 35,
    "name": "Pizza",
    "price": 800,
    "description": "Various pizza options from local chains",
    "category": "Premium",
    "vendor": "Pizza Palace",
    "locations": ["CBD", "Westlands"],
    "nutrition": {
      "calories": 680,
      "protein": 28,
      "carbs": 72,
      "fat": 32,
      "fiber": 5,
      "sodium": 1200,
      "vitamins": "Calcium, B12, Lycopene"
    },
    "instructions": "Wood-fired pizza with various toppings including cheese, vegetables, and meat.",
    "image": "https://pixabay.com/get/g6a5c2011096e05e8e53461e2ae2c1dd943c53ade1be368ac160440595534450a26bd99f66950f509d541a46c0cb672d3775542fce7e446dae647326a81ea0fce_1280.jpg"
  },
  {
    "id": 36,
    "name": "Chips Masala",
    "price": 120,
    "description": "Spiced french fries with masala seasoning",
    "category": "Budget",
    "vendor": "Street Food Corner",
    "locations": ["CBD", "University Way", "Eastleigh"],
    "nutrition": {
      "calories": 380,
      "protein": 6,
      "carbs": 52,
      "fat": 18,
      "fiber": 4,
      "sodium": 580,
      "vitamins": "C, B6, Potassium"
    },
    "instructions": "French fries tossed with spiced masala seasoning and herbs.",
    "image": "https://pixabay.com/get/g0d3a59d25ed105673a9bd2ba40fe2d0364c5383b0979af97487bd9d55e332ad58ac71c15fe1ce018703a2b97b45e2e1cd71a044b743e85e5406acc063299dcfc_1280.jpg"
  },
  {
    "id": 37,
    "name": "Burger + Fries",
    "price": 300,
    "description": "Classic burger combo with fries",
    "category": "Premium",
    "vendor": "Burger Hub",
    "locations": ["CBD", "Westlands", "University Way"],
    "nutrition": {
      "calories": 720,
      "protein": 35,
      "carbs": 68,
      "fat": 38,
      "fiber": 6,
      "sodium": 1100,
      "vitamins": "B12, Iron, B6"
    },
    "instructions": "Beef patty burger with lettuce, tomato, and sauce, served with crispy fries.",
    "image": "https://pixabay.com/get/g330aa04f61c3b7972b1373df371c50dfbbdb180c3bc5ed7db720444a12e6641833e8de0a1262ec0548d9ef2b764b04bc2391c8bafc594d2c474919d1d7096ffc_1280.jpg"
  },
  {
    "id": 38,
    "name": "Nyama Choma Platter",
    "price": 400,
    "description": "Grilled meat platter with sides",
    "category": "Premium",
    "vendor": "Nyama Choma Corner",
    "locations": ["CBD", "Westlands", "Eastleigh"],
    "nutrition": {
      "calories": 650,
      "protein": 48,
      "carbs": 35,
      "fat": 38,
      "fiber": 4,
      "sodium": 680,
      "vitamins": "B12, Iron, Zinc"
    },
    "instructions": "Grilled goat meat served with ugali, kachumbari, and vegetables.",
    "image": "https://pixabay.com/get/g3895479121f3c0f7ee77396d9d2dca9dda406177566ea584a6882802e1e6fb58bb865fe13c36fcafcbfdad1e0bb434a333b311049b4324805c6b0bd16623deef_1280.jpg"
  },
  {
    "id": 39,
    "name": "Fried Tilapia + Ugali + Kachumbari",
    "price": 200,
    "description": "Complete fish meal with traditional sides",
    "category": "Budget",
    "vendor": "Fish Corner",
    "locations": ["CBD", "Gikomba", "Eastleigh"],
    "nutrition": {
      "calories": 520,
      "protein": 38,
      "carbs": 45,
      "fat": 22,
      "fiber": 5,
      "sodium": 620,
      "vitamins": "B12, D, Omega-3"
    },
    "instructions": "Fresh tilapia fried with spices, served with ugali and fresh kachumbari salad.",
    "image": "https://pixabay.com/get/g6728dce38e0d3c4543ab7cfbc008e63b601318fc5b662701b4bc627768ddd4eb74f8b650006f5262c5d71d745b543de829dbff545a0a20e3476e62d8505328b8_1280.jpg"
  },
  {
    "id": 40,
    "name": "Shawarma",
    "price": 180,
    "description": "Middle Eastern wrap with meat and vegetables",
    "category": "Budget",
    "vendor": "Arabic Delights",
    "locations": ["CBD", "Eastleigh", "Westlands"],
    "nutrition": {
      "calories": 420,
      "protein": 22,
      "carbs": 38,
      "fat": 22,
      "fiber": 4,
      "sodium": 780,
      "vitamins": "A, C, B6"
    },
    "instructions": "Marinated meat wrapped in pita bread with vegetables and tahini sauce.",
    "image": "https://pixabay.com/get/g9daaa60599c259b10d92e3259f0d84c9d7709e8017364cb416bf1cb02c49b478d3779781193841ce0725816ca18135d52cdf64218796b1514a867a7879aca026_1280.jpg"
  },
  {
    "id": 41,
    "name": "Beef Samosas",
    "price": 50,
    "description": "Crispy pastries filled with spiced beef",
    "category": "Budget",
    "vendor": "Samosa King",
    "locations": ["CBD", "Eastleigh", "Gikomba"],
    "nutrition": {
      "calories": 180,
      "protein": 8,
      "carbs": 18,
      "fat": 9,
      "fiber": 2,
      "sodium": 380,
      "vitamins": "B12, Iron"
    },
    "instructions": "Triangular pastries filled with spiced minced beef and deep fried until golden.",
    "image": "https://pixabay.com/get/gcbe5897ca8630eee10292d157b7372c0e0acd91bd5582f95491eae2f41ca12cc1f45f4bdebc8988e7590e475484d5178c26ffa701a2b88d92d5bce1f249e0be2_1280.jpg"
  },
  {
    "id": 42,
    "name": "Kebacha",
    "price": 50,
    "description": "Kebab rolled in chapati served with kachumbari",
    "category": "Budget",
    "vendor": "Street Grill",
    "locations": ["CBD", "University Way", "Gikomba"],
    "nutrition": {
      "calories": 320,
      "protein": 18,
      "carbs": 28,
      "fat": 16,
      "fiber": 3,
      "sodium": 580,
      "vitamins": "B12, Iron, C"
    },
    "instructions": "Grilled meat kebab wrapped in soft chapati with fresh kachumbari.",
    "image": "https://pixabay.com/get/g8259e43095b1543cf10945f6d139fb1b14e4c8caaa6e2407e18ae49c9450f2400ac993885a5ddc7751b64374501486162ed41231e1178500f4a94fc42a6148aa_1280.jpg"
  }
]
